"DESCRIPTION","DURATION IN MS","NAME","PARENT SUITE","START TIME","STATUS","STOP TIME","SUB SUITE","SUITE","TEST CLASS","TEST METHOD"
"","6587","end-to-end flow: login → add 2 items → checkout → finish","chromium","2026-03-21","passed","2026-03-21","","EndToEndFlow.spec.ts","",""
"","3170","get started link","chromium","2026-03-21","passed","2026-03-21","","example.spec.js","",""
"","3442","can add and remove an item from the cart","chromium","2026-03-21","passed","2026-03-21","Sauce Demo login","Logincases.spec.ts","",""
"","1124","empty credentials show a required field error","chromium","2026-03-21","passed","2026-03-21","Sauce Demo login","Logincases.spec.ts","",""
"","1198","locked out user shows a locked out error","chromium","2026-03-21","passed","2026-03-21","Sauce Demo login","Logincases.spec.ts","",""
"","5350","wrong password shows a mismatch error","chromium","2026-03-21","passed","2026-03-21","Sauce Demo login","Logincases.spec.ts","",""
"","3319","has title","chromium","2026-03-21","passed","2026-03-21","","example.spec.js","",""
"","3456","valid credentials should log in and show inventory","chromium","2026-03-21","passed","2026-03-21","Sauce Demo login","Logincases.spec.ts","",""
